Iteration,Fitness,FitnessEvalTime,Time,State
1,3,1.3466676076253255e-05,0.0013949871063232422,"{0: [5, 1, 2, 3, 4], 1: [2, 3, 0, 4, 5], 2: [1, 5, 0, 4, 3], 3: [1, 2, 0, 5, 4], 4: [0, 1, 5, 2, 3], 5: [4, 1, 3, 2, 0]}"
2,3,1.2894471486409506e-05,0.0028128623962402344,"{0: [5, 1, 2, 3, 4], 1: [2, 3, 0, 4, 5], 2: [1, 5, 0, 4, 3], 3: [1, 2, 0, 5, 4], 4: [0, 1, 5, 2, 3], 5: [4, 1, 3, 2, 0]}"
3,3,1.366138458251953e-05,0.004183769226074219,"{0: [5, 1, 2, 3, 4], 1: [2, 3, 0, 4, 5], 2: [1, 5, 0, 4, 3], 3: [1, 2, 0, 5, 4], 4: [0, 1, 5, 2, 3], 5: [4, 1, 3, 2, 0]}"
4,3,1.426537831624349e-05,0.0056340694427490234,"{0: [5, 1, 2, 3, 4], 1: [2, 3, 0, 4, 5], 2: [1, 5, 0, 4, 3], 3: [1, 2, 0, 5, 4], 4: [0, 1, 5, 2, 3], 5: [4, 1, 3, 2, 0]}"
5,3,1.4805793762207032e-05,0.007278919219970703,"{0: [5, 1, 2, 3, 4], 1: [2, 3, 0, 4, 5], 2: [1, 5, 0, 4, 3], 3: [1, 2, 0, 5, 4], 4: [0, 1, 5, 2, 3], 5: [4, 1, 3, 2, 0]}"
6,3,1.3283888498942058e-05,0.00864267349243164,"{0: [5, 1, 2, 3, 4], 1: [2, 3, 0, 4, 5], 2: [1, 5, 0, 4, 3], 3: [1, 2, 0, 5, 4], 4: [0, 1, 5, 2, 3], 5: [4, 1, 3, 2, 0]}"
7,3,1.2751420338948568e-05,0.009955883026123047,"{0: [5, 1, 2, 3, 4], 1: [2, 3, 0, 4, 5], 2: [1, 5, 0, 4, 3], 3: [1, 2, 0, 5, 4], 4: [0, 1, 5, 2, 3], 5: [4, 1, 3, 2, 0]}"
8,3,1.293023427327474e-05,0.011277914047241211,"{0: [5, 1, 2, 3, 4], 1: [2, 3, 0, 4, 5], 2: [1, 5, 0, 4, 3], 3: [1, 2, 0, 5, 4], 4: [0, 1, 5, 2, 3], 5: [4, 1, 3, 2, 0]}"
9,3,1.447598139444987e-05,0.012759685516357422,"{0: [5, 1, 2, 3, 4], 1: [2, 3, 0, 4, 5], 2: [1, 5, 0, 4, 3], 3: [1, 2, 0, 5, 4], 4: [0, 1, 5, 2, 3], 5: [4, 1, 3, 2, 0]}"
10,3,1.3049443562825521e-05,0.014116764068603516,"{0: [5, 1, 2, 3, 4], 1: [2, 3, 0, 4, 5], 2: [1, 5, 0, 4, 3], 3: [1, 2, 0, 5, 4], 4: [0, 1, 5, 2, 3], 5: [4, 1, 3, 2, 0]}"
11,3,1.2834866841634115e-05,0.015447854995727539,"{0: [5, 1, 2, 3, 4], 1: [2, 3, 0, 4, 5], 2: [1, 5, 0, 4, 3], 3: [1, 2, 0, 5, 4], 4: [0, 1, 5, 2, 3], 5: [4, 1, 3, 2, 0]}"
12,3,1.3577938079833985e-05,0.016839981079101562,"{0: [5, 1, 2, 3, 4], 1: [2, 3, 0, 4, 5], 2: [1, 5, 0, 4, 3], 3: [1, 2, 0, 5, 4], 4: [0, 1, 5, 2, 3], 5: [4, 1, 3, 2, 0]}"
13,3,1.2723604838053386e-05,0.018249988555908203,"{0: [5, 1, 2, 3, 4], 1: [2, 3, 0, 4, 5], 2: [1, 5, 0, 4, 3], 3: [1, 2, 0, 5, 4], 4: [0, 1, 5, 2, 3], 5: [4, 1, 3, 2, 0]}"
14,3,1.2755393981933594e-05,0.019583940505981445,"{0: [5, 1, 2, 3, 4], 1: [2, 3, 0, 4, 5], 2: [1, 5, 0, 4, 3], 3: [1, 2, 0, 5, 4], 4: [0, 1, 5, 2, 3], 5: [4, 1, 3, 2, 0]}"
15,3,1.4253457387288411e-05,0.020994901657104492,"{0: [5, 1, 2, 3, 4], 1: [2, 3, 0, 4, 5], 2: [1, 5, 0, 4, 3], 3: [1, 2, 0, 5, 4], 4: [0, 1, 5, 2, 3], 5: [4, 1, 3, 2, 0]}"
16,3,1.3999144236246745e-05,0.02242302894592285,"{0: [5, 1, 2, 3, 4], 1: [2, 3, 0, 4, 5], 2: [1, 5, 0, 4, 3], 3: [1, 2, 0, 5, 4], 4: [0, 1, 5, 2, 3], 5: [4, 1, 3, 2, 0]}"
17,3,1.3275941212972004e-05,0.023813962936401367,"{0: [5, 1, 2, 3, 4], 1: [2, 3, 0, 4, 5], 2: [1, 5, 0, 4, 3], 3: [1, 2, 0, 5, 4], 4: [0, 1, 5, 2, 3], 5: [4, 1, 3, 2, 0]}"
18,3,1.2747446695963542e-05,0.0251309871673584,"{0: [5, 1, 2, 3, 4], 1: [2, 3, 0, 4, 5], 2: [1, 5, 0, 4, 3], 3: [1, 2, 0, 5, 4], 4: [0, 1, 5, 2, 3], 5: [4, 1, 3, 2, 0]}"
19,3,1.3208389282226562e-05,0.0264739990234375,"{0: [5, 1, 2, 3, 4], 1: [2, 3, 0, 4, 5], 2: [1, 5, 0, 4, 3], 3: [1, 2, 0, 5, 4], 4: [0, 1, 5, 2, 3], 5: [4, 1, 3, 2, 0]}"
20,3,1.2850761413574218e-05,0.0278017520904541,"{0: [5, 1, 2, 3, 4], 1: [2, 3, 0, 4, 5], 2: [1, 5, 0, 4, 3], 3: [1, 2, 0, 5, 4], 4: [0, 1, 5, 2, 3], 5: [4, 1, 3, 2, 0]}"
21,3,1.4070669809977213e-05,0.029196739196777344,"{0: [5, 1, 2, 3, 4], 1: [2, 3, 0, 4, 5], 2: [1, 5, 0, 4, 3], 3: [1, 2, 0, 5, 4], 4: [0, 1, 5, 2, 3], 5: [4, 1, 3, 2, 0]}"
22,3,1.3275941212972004e-05,0.0305788516998291,"{0: [5, 1, 2, 3, 4], 1: [2, 3, 0, 4, 5], 2: [1, 5, 0, 4, 3], 3: [1, 2, 0, 5, 4], 4: [0, 1, 5, 2, 3], 5: [4, 1, 3, 2, 0]}"
23,3,1.2854735056559244e-05,0.031900882720947266,"{0: [5, 1, 2, 3, 4], 1: [2, 3, 0, 4, 5], 2: [1, 5, 0, 4, 3], 3: [1, 2, 0, 5, 4], 4: [0, 1, 5, 2, 3], 5: [4, 1, 3, 2, 0]}"
24,3,1.2731552124023437e-05,0.03321504592895508,"{0: [5, 1, 2, 3, 4], 1: [2, 3, 0, 4, 5], 2: [1, 5, 0, 4, 3], 3: [1, 2, 0, 5, 4], 4: [0, 1, 5, 2, 3], 5: [4, 1, 3, 2, 0]}"
25,3,1.2747446695963542e-05,0.03452801704406738,"{0: [5, 1, 2, 3, 4], 1: [2, 3, 0, 4, 5], 2: [1, 5, 0, 4, 3], 3: [1, 2, 0, 5, 4], 4: [0, 1, 5, 2, 3], 5: [4, 1, 3, 2, 0]}"
26,3,1.270771026611328e-05,0.03584885597229004,"{0: [5, 1, 2, 3, 4], 1: [2, 3, 0, 4, 5], 2: [1, 5, 0, 4, 3], 3: [1, 2, 0, 5, 4], 4: [0, 1, 5, 2, 3], 5: [4, 1, 3, 2, 0]}"
1,2,1.5052159627278646e-05,0.0014679431915283203,"{0: [2, 5, 1, 4, 3], 1: [3, 2, 0, 4, 5], 2: [0, 1, 3, 4, 5], 3: [0, 2, 1, 5, 4], 4: [1, 5, 2, 0, 3], 5: [4, 3, 1, 0, 2]}"
2,2,1.387198766072591e-05,0.0029828548431396484,"{0: [2, 5, 1, 4, 3], 1: [3, 2, 0, 4, 5], 2: [0, 1, 3, 4, 5], 3: [0, 2, 1, 5, 4], 4: [1, 5, 2, 0, 3], 5: [4, 3, 1, 0, 2]}"
3,2,1.2660026550292969e-05,0.0043756961822509766,"{0: [2, 5, 1, 4, 3], 1: [3, 2, 0, 4, 5], 2: [0, 1, 3, 4, 5], 3: [0, 2, 1, 5, 4], 4: [1, 5, 2, 0, 3], 5: [4, 3, 1, 0, 2]}"
4,2,1.2429555257161458e-05,0.00568389892578125,"{0: [2, 5, 1, 4, 3], 1: [3, 2, 0, 4, 5], 2: [0, 1, 3, 4, 5], 3: [0, 2, 1, 5, 4], 4: [1, 5, 2, 0, 3], 5: [4, 3, 1, 0, 2]}"
5,2,1.2389818827311198e-05,0.006978750228881836,"{0: [2, 5, 1, 4, 3], 1: [3, 2, 0, 4, 5], 2: [0, 1, 3, 4, 5], 3: [0, 2, 1, 5, 4], 4: [1, 5, 2, 0, 3], 5: [4, 3, 1, 0, 2]}"
6,2,1.2393792470296224e-05,0.008267641067504883,"{0: [2, 5, 1, 4, 3], 1: [3, 2, 0, 4, 5], 2: [0, 1, 3, 4, 5], 3: [0, 2, 1, 5, 4], 4: [1, 5, 2, 0, 3], 5: [4, 3, 1, 0, 2]}"
7,2,1.4118353525797526e-05,0.009698867797851562,"{0: [2, 5, 1, 4, 3], 1: [3, 2, 0, 4, 5], 2: [0, 1, 3, 4, 5], 3: [0, 2, 1, 5, 4], 4: [1, 5, 2, 0, 3], 5: [4, 3, 1, 0, 2]}"
8,2,1.3816356658935548e-05,0.011108875274658203,"{0: [2, 5, 1, 4, 3], 1: [3, 2, 0, 4, 5], 2: [0, 1, 3, 4, 5], 3: [0, 2, 1, 5, 4], 4: [1, 5, 2, 0, 3], 5: [4, 3, 1, 0, 2]}"
9,2,1.3216336568196614e-05,0.012539863586425781,"{0: [2, 5, 1, 4, 3], 1: [3, 2, 0, 4, 5], 2: [0, 1, 3, 4, 5], 3: [0, 2, 1, 5, 4], 4: [1, 5, 2, 0, 3], 5: [4, 3, 1, 0, 2]}"
10,2,1.287062962849935e-05,0.013985633850097656,"{0: [2, 5, 1, 4, 3], 1: [3, 2, 0, 4, 5], 2: [0, 1, 3, 4, 5], 3: [0, 2, 1, 5, 4], 4: [1, 5, 2, 0, 3], 5: [4, 3, 1, 0, 2]}"
11,2,1.2743473052978516e-05,0.015320777893066406,"{0: [2, 5, 1, 4, 3], 1: [3, 2, 0, 4, 5], 2: [0, 1, 3, 4, 5], 3: [0, 2, 1, 5, 4], 4: [1, 5, 2, 0, 3], 5: [4, 3, 1, 0, 2]}"
12,2,1.2429555257161458e-05,0.01661086082458496,"{0: [2, 5, 1, 4, 3], 1: [3, 2, 0, 4, 5], 2: [0, 1, 3, 4, 5], 3: [0, 2, 1, 5, 4], 4: [1, 5, 2, 0, 3], 5: [4, 3, 1, 0, 2]}"
13,2,1.3347466786702474e-05,0.01795673370361328,"{0: [2, 5, 1, 4, 3], 1: [3, 2, 0, 4, 5], 2: [0, 1, 3, 4, 5], 3: [0, 2, 1, 5, 4], 4: [1, 5, 2, 0, 3], 5: [4, 3, 1, 0, 2]}"
14,2,1.2711683909098308e-05,0.01929783821105957,"{0: [2, 5, 1, 4, 3], 1: [3, 2, 0, 4, 5], 2: [0, 1, 3, 4, 5], 3: [0, 2, 1, 5, 4], 4: [1, 5, 2, 0, 3], 5: [4, 3, 1, 0, 2]}"
15,2,1.2616316477457682e-05,0.020628929138183594,"{0: [2, 5, 1, 4, 3], 1: [3, 2, 0, 4, 5], 2: [0, 1, 3, 4, 5], 3: [0, 2, 1, 5, 4], 4: [1, 5, 2, 0, 3], 5: [4, 3, 1, 0, 2]}"
16,2,1.2350082397460937e-05,0.021913766860961914,"{0: [2, 5, 1, 4, 3], 1: [3, 2, 0, 4, 5], 2: [0, 1, 3, 4, 5], 3: [0, 2, 1, 5, 4], 4: [1, 5, 2, 0, 3], 5: [4, 3, 1, 0, 2]}"
17,2,1.256863276163737e-05,0.023211002349853516,"{0: [2, 5, 1, 4, 3], 1: [3, 2, 0, 4, 5], 2: [0, 1, 3, 4, 5], 3: [0, 2, 1, 5, 4], 4: [1, 5, 2, 0, 3], 5: [4, 3, 1, 0, 2]}"
18,2,1.241763432820638e-05,0.02450084686279297,"{0: [2, 5, 1, 4, 3], 1: [3, 2, 0, 4, 5], 2: [0, 1, 3, 4, 5], 3: [0, 2, 1, 5, 4], 4: [1, 5, 2, 0, 3], 5: [4, 3, 1, 0, 2]}"
19,2,1.3319651285807292e-05,0.025864839553833008,"{0: [2, 5, 1, 4, 3], 1: [3, 2, 0, 4, 5], 2: [0, 1, 3, 4, 5], 3: [0, 2, 1, 5, 4], 4: [1, 5, 2, 0, 3], 5: [4, 3, 1, 0, 2]}"
20,2,1.2612342834472656e-05,0.027193784713745117,"{0: [2, 5, 1, 4, 3], 1: [3, 2, 0, 4, 5], 2: [0, 1, 3, 4, 5], 3: [0, 2, 1, 5, 4], 4: [1, 5, 2, 0, 3], 5: [4, 3, 1, 0, 2]}"
21,2,1.2433528900146484e-05,0.028502702713012695,"{0: [2, 5, 1, 4, 3], 1: [3, 2, 0, 4, 5], 2: [0, 1, 3, 4, 5], 3: [0, 2, 1, 5, 4], 4: [1, 5, 2, 0, 3], 5: [4, 3, 1, 0, 2]}"
22,2,1.2441476186116536e-05,0.029792070388793945,"{0: [2, 5, 1, 4, 3], 1: [3, 2, 0, 4, 5], 2: [0, 1, 3, 4, 5], 3: [0, 2, 1, 5, 4], 4: [1, 5, 2, 0, 3], 5: [4, 3, 1, 0, 2]}"
23,2,1.2628237406412761e-05,0.031096696853637695,"{0: [2, 5, 1, 4, 3], 1: [3, 2, 0, 4, 5], 2: [0, 1, 3, 4, 5], 3: [0, 2, 1, 5, 4], 4: [1, 5, 2, 0, 3], 5: [4, 3, 1, 0, 2]}"
24,2,1.2385845184326173e-05,0.03238391876220703,"{0: [2, 5, 1, 4, 3], 1: [3, 2, 0, 4, 5], 2: [0, 1, 3, 4, 5], 3: [0, 2, 1, 5, 4], 4: [1, 5, 2, 0, 3], 5: [4, 3, 1, 0, 2]}"
25,2,1.2346108754475911e-05,0.03367185592651367,"{0: [2, 5, 1, 4, 3], 1: [3, 2, 0, 4, 5], 2: [0, 1, 3, 4, 5], 3: [0, 2, 1, 5, 4], 4: [1, 5, 2, 0, 3], 5: [4, 3, 1, 0, 2]}"
26,2,1.2505054473876954e-05,0.03496670722961426,"{0: [2, 5, 1, 4, 3], 1: [3, 2, 0, 4, 5], 2: [0, 1, 3, 4, 5], 3: [0, 2, 1, 5, 4], 4: [1, 5, 2, 0, 3], 5: [4, 3, 1, 0, 2]}"
1,3,1.3820330301920573e-05,0.0015032291412353516,"{0: [3, 1, 4, 2, 5], 1: [4, 0, 2, 3, 5], 2: [0, 4, 5, 3, 1], 3: [5, 1, 4, 0, 2], 4: [1, 5, 0, 3, 2], 5: [3, 2, 0, 4, 1]}"
2,2,1.2803077697753907e-05,0.0029549598693847656,"{0: [5, 2, 1, 3, 4], 1: [4, 0, 2, 3, 5], 2: [0, 4, 5, 3, 1], 3: [5, 1, 4, 0, 2], 4: [1, 5, 0, 3, 2], 5: [3, 2, 0, 4, 1]}"
3,2,1.2938181559244791e-05,0.004278898239135742,"{0: [5, 2, 1, 3, 4], 1: [4, 0, 2, 3, 5], 2: [0, 4, 5, 3, 1], 3: [5, 1, 4, 0, 2], 4: [1, 5, 0, 3, 2], 5: [3, 2, 0, 4, 1]}"
4,2,1.2834866841634115e-05,0.005594015121459961,"{0: [5, 2, 1, 3, 4], 1: [4, 0, 2, 3, 5], 2: [0, 4, 5, 3, 1], 3: [5, 1, 4, 0, 2], 4: [1, 5, 0, 3, 2], 5: [3, 2, 0, 4, 1]}"
5,2,1.3506412506103515e-05,0.006954193115234375,"{0: [5, 2, 1, 3, 4], 1: [4, 0, 2, 3, 5], 2: [0, 4, 5, 3, 1], 3: [5, 1, 4, 0, 2], 4: [1, 5, 0, 3, 2], 5: [3, 2, 0, 4, 1]}"
6,2,1.398324966430664e-05,0.008401155471801758,"{0: [5, 2, 1, 3, 4], 1: [4, 0, 2, 3, 5], 2: [0, 4, 5, 3, 1], 3: [5, 1, 4, 0, 2], 4: [1, 5, 0, 3, 2], 5: [3, 2, 0, 4, 1]}"
7,2,1.2826919555664062e-05,0.009727239608764648,"{0: [5, 2, 1, 3, 4], 1: [4, 0, 2, 3, 5], 2: [0, 4, 5, 3, 1], 3: [5, 1, 4, 0, 2], 4: [1, 5, 0, 3, 2], 5: [3, 2, 0, 4, 1]}"
8,2,1.2834866841634115e-05,0.011039972305297852,"{0: [5, 2, 1, 3, 4], 1: [4, 0, 2, 3, 5], 2: [0, 4, 5, 3, 1], 3: [5, 1, 4, 0, 2], 4: [1, 5, 0, 3, 2], 5: [3, 2, 0, 4, 1]}"
9,2,1.2882550557454427e-05,0.012356042861938477,"{0: [5, 2, 1, 3, 4], 1: [4, 0, 2, 3, 5], 2: [0, 4, 5, 3, 1], 3: [5, 1, 4, 0, 2], 4: [1, 5, 0, 3, 2], 5: [3, 2, 0, 4, 1]}"
10,2,1.281897226969401e-05,0.013671159744262695,"{0: [5, 2, 1, 3, 4], 1: [4, 0, 2, 3, 5], 2: [0, 4, 5, 3, 1], 3: [5, 1, 4, 0, 2], 4: [1, 5, 0, 3, 2], 5: [3, 2, 0, 4, 1]}"
11,2,1.287062962849935e-05,0.014990091323852539,"{0: [5, 2, 1, 3, 4], 1: [4, 0, 2, 3, 5], 2: [0, 4, 5, 3, 1], 3: [5, 1, 4, 0, 2], 4: [1, 5, 0, 3, 2], 5: [3, 2, 0, 4, 1]}"
12,2,1.383225123087565e-05,0.016447067260742188,"{0: [5, 2, 1, 3, 4], 1: [4, 0, 2, 3, 5], 2: [0, 4, 5, 3, 1], 3: [5, 1, 4, 0, 2], 4: [1, 5, 0, 3, 2], 5: [3, 2, 0, 4, 1]}"
13,2,1.390377680460612e-05,0.017924070358276367,"{0: [5, 2, 1, 3, 4], 1: [4, 0, 2, 3, 5], 2: [0, 4, 5, 3, 1], 3: [5, 1, 4, 0, 2], 4: [1, 5, 0, 3, 2], 5: [3, 2, 0, 4, 1]}"
14,2,1.3005733489990234e-05,0.01926112174987793,"{0: [5, 2, 1, 3, 4], 1: [4, 0, 2, 3, 5], 2: [0, 4, 5, 3, 1], 3: [5, 1, 4, 0, 2], 4: [1, 5, 0, 3, 2], 5: [3, 2, 0, 4, 1]}"
15,2,1.28785769144694e-05,0.020580053329467773,"{0: [5, 2, 1, 3, 4], 1: [4, 0, 2, 3, 5], 2: [0, 4, 5, 3, 1], 3: [5, 1, 4, 0, 2], 4: [1, 5, 0, 3, 2], 5: [3, 2, 0, 4, 1]}"
16,2,1.3116995493570963e-05,0.02191305160522461,"{0: [5, 2, 1, 3, 4], 1: [4, 0, 2, 3, 5], 2: [0, 4, 5, 3, 1], 3: [5, 1, 4, 0, 2], 4: [1, 5, 0, 3, 2], 5: [3, 2, 0, 4, 1]}"
17,2,1.2874603271484375e-05,0.023229122161865234,"{0: [5, 2, 1, 3, 4], 1: [4, 0, 2, 3, 5], 2: [0, 4, 5, 3, 1], 3: [5, 1, 4, 0, 2], 4: [1, 5, 0, 3, 2], 5: [3, 2, 0, 4, 1]}"
18,2,1.3216336568196614e-05,0.024569034576416016,"{0: [5, 2, 1, 3, 4], 1: [4, 0, 2, 3, 5], 2: [0, 4, 5, 3, 1], 3: [5, 1, 4, 0, 2], 4: [1, 5, 0, 3, 2], 5: [3, 2, 0, 4, 1]}"
19,2,1.4468034108479817e-05,0.026009082794189453,"{0: [5, 2, 1, 3, 4], 1: [4, 0, 2, 3, 5], 2: [0, 4, 5, 3, 1], 3: [5, 1, 4, 0, 2], 4: [1, 5, 0, 3, 2], 5: [3, 2, 0, 4, 1]}"
20,2,1.3856093088785807e-05,0.02747201919555664,"{0: [5, 2, 1, 3, 4], 1: [4, 0, 2, 3, 5], 2: [0, 4, 5, 3, 1], 3: [5, 1, 4, 0, 2], 4: [1, 5, 0, 3, 2], 5: [3, 2, 0, 4, 1]}"
21,2,1.476605733235677e-05,0.028949260711669922,"{0: [5, 2, 1, 3, 4], 1: [4, 0, 2, 3, 5], 2: [0, 4, 5, 3, 1], 3: [5, 1, 4, 0, 2], 4: [1, 5, 0, 3, 2], 5: [3, 2, 0, 4, 1]}"
22,2,1.320044199625651e-05,0.03032207489013672,"{0: [5, 2, 1, 3, 4], 1: [4, 0, 2, 3, 5], 2: [0, 4, 5, 3, 1], 3: [5, 1, 4, 0, 2], 4: [1, 5, 0, 3, 2], 5: [3, 2, 0, 4, 1]}"
23,2,1.3017654418945313e-05,0.03165316581726074,"{0: [5, 2, 1, 3, 4], 1: [4, 0, 2, 3, 5], 2: [0, 4, 5, 3, 1], 3: [5, 1, 4, 0, 2], 4: [1, 5, 0, 3, 2], 5: [3, 2, 0, 4, 1]}"
24,2,1.2787183125813802e-05,0.03297305107116699,"{0: [5, 2, 1, 3, 4], 1: [4, 0, 2, 3, 5], 2: [0, 4, 5, 3, 1], 3: [5, 1, 4, 0, 2], 4: [1, 5, 0, 3, 2], 5: [3, 2, 0, 4, 1]}"
25,2,1.316070556640625e-05,0.034330129623413086,"{0: [5, 2, 1, 3, 4], 1: [4, 0, 2, 3, 5], 2: [0, 4, 5, 3, 1], 3: [5, 1, 4, 0, 2], 4: [1, 5, 0, 3, 2], 5: [3, 2, 0, 4, 1]}"
26,2,1.3987223307291666e-05,0.03572392463684082,"{0: [5, 2, 1, 3, 4], 1: [4, 0, 2, 3, 5], 2: [0, 4, 5, 3, 1], 3: [5, 1, 4, 0, 2], 4: [1, 5, 0, 3, 2], 5: [3, 2, 0, 4, 1]}"
27,2,1.3013680775960287e-05,0.03711819648742676,"{0: [5, 2, 1, 3, 4], 1: [4, 0, 2, 3, 5], 2: [0, 4, 5, 3, 1], 3: [5, 1, 4, 0, 2], 4: [1, 5, 0, 3, 2], 5: [3, 2, 0, 4, 1]}"
1,3,1.3156731923421223e-05,0.001332998275756836,"{0: [3, 2, 4, 5, 1], 1: [5, 0, 2, 4, 3], 2: [5, 4, 1, 3, 0], 3: [5, 1, 2, 4, 0], 4: [2, 0, 1, 3, 5], 5: [4, 0, 1, 3, 2]}"
2,3,1.2727578481038411e-05,0.002662181854248047,"{0: [3, 2, 4, 5, 1], 1: [5, 0, 2, 4, 3], 2: [5, 4, 1, 3, 0], 3: [5, 1, 2, 4, 0], 4: [2, 0, 1, 3, 5], 5: [4, 0, 1, 3, 2]}"
3,3,1.3279914855957032e-05,0.00409698486328125,"{0: [3, 2, 4, 5, 1], 1: [5, 0, 2, 4, 3], 2: [5, 4, 1, 3, 0], 3: [5, 1, 2, 4, 0], 4: [2, 0, 1, 3, 5], 5: [4, 0, 1, 3, 2]}"
4,3,1.2636184692382812e-05,0.005412101745605469,"{0: [3, 2, 4, 5, 1], 1: [5, 0, 2, 4, 3], 2: [5, 4, 1, 3, 0], 3: [5, 1, 2, 4, 0], 4: [2, 0, 1, 3, 5], 5: [4, 0, 1, 3, 2]}"
5,3,1.25885009765625e-05,0.006734132766723633,"{0: [3, 2, 4, 5, 1], 1: [5, 0, 2, 4, 3], 2: [5, 4, 1, 3, 0], 3: [5, 1, 2, 4, 0], 4: [2, 0, 1, 3, 5], 5: [4, 0, 1, 3, 2]}"
6,3,1.3931592305501301e-05,0.00812220573425293,"{0: [3, 2, 4, 5, 1], 1: [5, 0, 2, 4, 3], 2: [5, 4, 1, 3, 0], 3: [5, 1, 2, 4, 0], 4: [2, 0, 1, 3, 5], 5: [4, 0, 1, 3, 2]}"
7,3,1.3208389282226562e-05,0.009562015533447266,"{0: [3, 2, 4, 5, 1], 1: [5, 0, 2, 4, 3], 2: [5, 4, 1, 3, 0], 3: [5, 1, 2, 4, 0], 4: [2, 0, 1, 3, 5], 5: [4, 0, 1, 3, 2]}"
8,3,1.2664000193277995e-05,0.010877847671508789,"{0: [3, 2, 4, 5, 1], 1: [5, 0, 2, 4, 3], 2: [5, 4, 1, 3, 0], 3: [5, 1, 2, 4, 0], 4: [2, 0, 1, 3, 5], 5: [4, 0, 1, 3, 2]}"
9,3,1.4038880666097005e-05,0.012463092803955078,"{0: [3, 2, 4, 5, 1], 1: [5, 0, 2, 4, 3], 2: [5, 4, 1, 3, 0], 3: [5, 1, 2, 4, 0], 4: [2, 0, 1, 3, 5], 5: [4, 0, 1, 3, 2]}"
10,3,1.3077259063720703e-05,0.013820886611938477,"{0: [3, 2, 4, 5, 1], 1: [5, 0, 2, 4, 3], 2: [5, 4, 1, 3, 0], 3: [5, 1, 2, 4, 0], 4: [2, 0, 1, 3, 5], 5: [4, 0, 1, 3, 2]}"
11,3,1.25885009765625e-05,0.015136003494262695,"{0: [3, 2, 4, 5, 1], 1: [5, 0, 2, 4, 3], 2: [5, 4, 1, 3, 0], 3: [5, 1, 2, 4, 0], 4: [2, 0, 1, 3, 5], 5: [4, 0, 1, 3, 2]}"
12,3,1.264810562133789e-05,0.016448974609375,"{0: [3, 2, 4, 5, 1], 1: [5, 0, 2, 4, 3], 2: [5, 4, 1, 3, 0], 3: [5, 1, 2, 4, 0], 4: [2, 0, 1, 3, 5], 5: [4, 0, 1, 3, 2]}"
13,3,1.2556711832682291e-05,0.017754077911376953,"{0: [3, 2, 4, 5, 1], 1: [5, 0, 2, 4, 3], 2: [5, 4, 1, 3, 0], 3: [5, 1, 2, 4, 0], 4: [2, 0, 1, 3, 5], 5: [4, 0, 1, 3, 2]}"
14,3,1.3343493143717448e-05,0.019215106964111328,"{0: [3, 2, 4, 5, 1], 1: [5, 0, 2, 4, 3], 2: [5, 4, 1, 3, 0], 3: [5, 1, 2, 4, 0], 4: [2, 0, 1, 3, 5], 5: [4, 0, 1, 3, 2]}"
15,3,1.3474623362223307e-05,0.020667076110839844,"{0: [3, 2, 4, 5, 1], 1: [5, 0, 2, 4, 3], 2: [5, 4, 1, 3, 0], 3: [5, 1, 2, 4, 0], 4: [2, 0, 1, 3, 5], 5: [4, 0, 1, 3, 2]}"
16,3,1.25885009765625e-05,0.021982908248901367,"{0: [3, 2, 4, 5, 1], 1: [5, 0, 2, 4, 3], 2: [5, 4, 1, 3, 0], 3: [5, 1, 2, 4, 0], 4: [2, 0, 1, 3, 5], 5: [4, 0, 1, 3, 2]}"
17,3,1.2532869974772136e-05,0.023283004760742188,"{0: [3, 2, 4, 5, 1], 1: [5, 0, 2, 4, 3], 2: [5, 4, 1, 3, 0], 3: [5, 1, 2, 4, 0], 4: [2, 0, 1, 3, 5], 5: [4, 0, 1, 3, 2]}"
18,3,1.2572606404622396e-05,0.024586915969848633,"{0: [3, 2, 4, 5, 1], 1: [5, 0, 2, 4, 3], 2: [5, 4, 1, 3, 0], 3: [5, 1, 2, 4, 0], 4: [2, 0, 1, 3, 5], 5: [4, 0, 1, 3, 2]}"
19,3,1.256863276163737e-05,0.025888919830322266,"{0: [3, 2, 4, 5, 1], 1: [5, 0, 2, 4, 3], 2: [5, 4, 1, 3, 0], 3: [5, 1, 2, 4, 0], 4: [2, 0, 1, 3, 5], 5: [4, 0, 1, 3, 2]}"
20,3,1.25885009765625e-05,0.02719402313232422,"{0: [3, 2, 4, 5, 1], 1: [5, 0, 2, 4, 3], 2: [5, 4, 1, 3, 0], 3: [5, 1, 2, 4, 0], 4: [2, 0, 1, 3, 5], 5: [4, 0, 1, 3, 2]}"
21,3,1.5072027842203776e-05,0.0286562442779541,"{0: [3, 2, 4, 5, 1], 1: [5, 0, 2, 4, 3], 2: [5, 4, 1, 3, 0], 3: [5, 1, 2, 4, 0], 4: [2, 0, 1, 3, 5], 5: [4, 0, 1, 3, 2]}"
22,3,1.3097127278645833e-05,0.030039072036743164,"{0: [3, 2, 4, 5, 1], 1: [5, 0, 2, 4, 3], 2: [5, 4, 1, 3, 0], 3: [5, 1, 2, 4, 0], 4: [2, 0, 1, 3, 5], 5: [4, 0, 1, 3, 2]}"
23,3,1.3395150502522786e-05,0.031408071517944336,"{0: [3, 2, 4, 5, 1], 1: [5, 0, 2, 4, 3], 2: [5, 4, 1, 3, 0], 3: [5, 1, 2, 4, 0], 4: [2, 0, 1, 3, 5], 5: [4, 0, 1, 3, 2]}"
24,3,1.2636184692382812e-05,0.032716989517211914,"{0: [3, 2, 4, 5, 1], 1: [5, 0, 2, 4, 3], 2: [5, 4, 1, 3, 0], 3: [5, 1, 2, 4, 0], 4: [2, 0, 1, 3, 5], 5: [4, 0, 1, 3, 2]}"
25,3,1.293023427327474e-05,0.034055233001708984,"{0: [3, 2, 4, 5, 1], 1: [5, 0, 2, 4, 3], 2: [5, 4, 1, 3, 0], 3: [5, 1, 2, 4, 0], 4: [2, 0, 1, 3, 5], 5: [4, 0, 1, 3, 2]}"
26,3,1.3172626495361328e-05,0.035427093505859375,"{0: [3, 2, 4, 5, 1], 1: [5, 0, 2, 4, 3], 2: [5, 4, 1, 3, 0], 3: [5, 1, 2, 4, 0], 4: [2, 0, 1, 3, 5], 5: [4, 0, 1, 3, 2]}"
1,4,1.3466676076253255e-05,0.0013632774353027344,"{0: [5, 3, 2, 1, 4], 1: [0, 5, 4, 3, 2], 2: [3, 4, 5, 0, 1], 3: [5, 1, 0, 2, 4], 4: [2, 5, 1, 3, 0], 5: [0, 3, 2, 4, 1]}"
2,4,1.4750162760416667e-05,0.002834320068359375,"{0: [5, 3, 2, 1, 4], 1: [0, 5, 4, 3, 2], 2: [3, 4, 5, 0, 1], 3: [5, 1, 0, 2, 4], 4: [2, 5, 1, 3, 0], 5: [0, 3, 2, 4, 1]}"
3,4,1.378456751505534e-05,0.0043201446533203125,"{0: [5, 3, 2, 1, 4], 1: [0, 5, 4, 3, 2], 2: [3, 4, 5, 0, 1], 3: [5, 1, 0, 2, 4], 4: [2, 5, 1, 3, 0], 5: [0, 3, 2, 4, 1]}"
4,4,1.3641516367594401e-05,0.005753278732299805,"{0: [5, 3, 2, 1, 4], 1: [0, 5, 4, 3, 2], 2: [3, 4, 5, 0, 1], 3: [5, 1, 0, 2, 4], 4: [2, 5, 1, 3, 0], 5: [0, 3, 2, 4, 1]}"
5,4,1.4090538024902344e-05,0.007170200347900391,"{0: [5, 3, 2, 1, 4], 1: [0, 5, 4, 3, 2], 2: [3, 4, 5, 0, 1], 3: [5, 1, 0, 2, 4], 4: [2, 5, 1, 3, 0], 5: [0, 3, 2, 4, 1]}"
6,4,1.6188621520996095e-05,0.008784294128417969,"{0: [5, 3, 2, 1, 4], 1: [0, 5, 4, 3, 2], 2: [3, 4, 5, 0, 1], 3: [5, 1, 0, 2, 4], 4: [2, 5, 1, 3, 0], 5: [0, 3, 2, 4, 1]}"
7,4,1.314083735148112e-05,0.010166168212890625,"{0: [5, 3, 2, 1, 4], 1: [0, 5, 4, 3, 2], 2: [3, 4, 5, 0, 1], 3: [5, 1, 0, 2, 4], 4: [2, 5, 1, 3, 0], 5: [0, 3, 2, 4, 1]}"
8,4,1.2965997060139974e-05,0.011503219604492188,"{0: [5, 3, 2, 1, 4], 1: [0, 5, 4, 3, 2], 2: [3, 4, 5, 0, 1], 3: [5, 1, 0, 2, 4], 4: [2, 5, 1, 3, 0], 5: [0, 3, 2, 4, 1]}"
9,4,1.4603137969970703e-05,0.012943267822265625,"{0: [5, 3, 2, 1, 4], 1: [0, 5, 4, 3, 2], 2: [3, 4, 5, 0, 1], 3: [5, 1, 0, 2, 4], 4: [2, 5, 1, 3, 0], 5: [0, 3, 2, 4, 1]}"
10,4,1.3399124145507813e-05,0.014374256134033203,"{0: [5, 3, 2, 1, 4], 1: [0, 5, 4, 3, 2], 2: [3, 4, 5, 0, 1], 3: [5, 1, 0, 2, 4], 4: [2, 5, 1, 3, 0], 5: [0, 3, 2, 4, 1]}"
11,4,1.3581911722819011e-05,0.015773296356201172,"{0: [5, 3, 2, 1, 4], 1: [0, 5, 4, 3, 2], 2: [3, 4, 5, 0, 1], 3: [5, 1, 0, 2, 4], 4: [2, 5, 1, 3, 0], 5: [0, 3, 2, 4, 1]}"
12,4,1.3132890065511068e-05,0.017106294631958008,"{0: [5, 3, 2, 1, 4], 1: [0, 5, 4, 3, 2], 2: [3, 4, 5, 0, 1], 3: [5, 1, 0, 2, 4], 4: [2, 5, 1, 3, 0], 5: [0, 3, 2, 4, 1]}"
13,4,1.2902418772379557e-05,0.018435239791870117,"{0: [5, 3, 2, 1, 4], 1: [0, 5, 4, 3, 2], 2: [3, 4, 5, 0, 1], 3: [5, 1, 0, 2, 4], 4: [2, 5, 1, 3, 0], 5: [0, 3, 2, 4, 1]}"
14,4,1.3025601704915364e-05,0.019797086715698242,"{0: [5, 3, 2, 1, 4], 1: [0, 5, 4, 3, 2], 2: [3, 4, 5, 0, 1], 3: [5, 1, 0, 2, 4], 4: [2, 5, 1, 3, 0], 5: [0, 3, 2, 4, 1]}"
15,4,1.310110092163086e-05,0.02113509178161621,"{0: [5, 3, 2, 1, 4], 1: [0, 5, 4, 3, 2], 2: [3, 4, 5, 0, 1], 3: [5, 1, 0, 2, 4], 4: [2, 5, 1, 3, 0], 5: [0, 3, 2, 4, 1]}"
16,4,1.3967355092366537e-05,0.022536277770996094,"{0: [5, 3, 2, 1, 4], 1: [0, 5, 4, 3, 2], 2: [3, 4, 5, 0, 1], 3: [5, 1, 0, 2, 4], 4: [2, 5, 1, 3, 0], 5: [0, 3, 2, 4, 1]}"
17,4,1.3577938079833985e-05,0.02402520179748535,"{0: [5, 3, 2, 1, 4], 1: [0, 5, 4, 3, 2], 2: [3, 4, 5, 0, 1], 3: [5, 1, 0, 2, 4], 4: [2, 5, 1, 3, 0], 5: [0, 3, 2, 4, 1]}"
18,4,1.4185905456542969e-05,0.0254361629486084,"{0: [5, 3, 2, 1, 4], 1: [0, 5, 4, 3, 2], 2: [3, 4, 5, 0, 1], 3: [5, 1, 0, 2, 4], 4: [2, 5, 1, 3, 0], 5: [0, 3, 2, 4, 1]}"
19,4,1.3061364491780599e-05,0.026812314987182617,"{0: [5, 3, 2, 1, 4], 1: [0, 5, 4, 3, 2], 2: [3, 4, 5, 0, 1], 3: [5, 1, 0, 2, 4], 4: [2, 5, 1, 3, 0], 5: [0, 3, 2, 4, 1]}"
20,4,1.2997786204020182e-05,0.02814626693725586,"{0: [5, 3, 2, 1, 4], 1: [0, 5, 4, 3, 2], 2: [3, 4, 5, 0, 1], 3: [5, 1, 0, 2, 4], 4: [2, 5, 1, 3, 0], 5: [0, 3, 2, 4, 1]}"
21,4,1.2969970703125e-05,0.0294950008392334,"{0: [5, 3, 2, 1, 4], 1: [0, 5, 4, 3, 2], 2: [3, 4, 5, 0, 1], 3: [5, 1, 0, 2, 4], 4: [2, 5, 1, 3, 0], 5: [0, 3, 2, 4, 1]}"
22,4,1.3613700866699219e-05,0.030860185623168945,"{0: [5, 3, 2, 1, 4], 1: [0, 5, 4, 3, 2], 2: [3, 4, 5, 0, 1], 3: [5, 1, 0, 2, 4], 4: [2, 5, 1, 3, 0], 5: [0, 3, 2, 4, 1]}"
23,4,1.3192494710286459e-05,0.03221917152404785,"{0: [5, 3, 2, 1, 4], 1: [0, 5, 4, 3, 2], 2: [3, 4, 5, 0, 1], 3: [5, 1, 0, 2, 4], 4: [2, 5, 1, 3, 0], 5: [0, 3, 2, 4, 1]}"
24,4,1.3339519500732423e-05,0.03358316421508789,"{0: [5, 3, 2, 1, 4], 1: [0, 5, 4, 3, 2], 2: [3, 4, 5, 0, 1], 3: [5, 1, 0, 2, 4], 4: [2, 5, 1, 3, 0], 5: [0, 3, 2, 4, 1]}"
25,4,1.3343493143717448e-05,0.03509020805358887,"{0: [5, 3, 2, 1, 4], 1: [0, 5, 4, 3, 2], 2: [3, 4, 5, 0, 1], 3: [5, 1, 0, 2, 4], 4: [2, 5, 1, 3, 0], 5: [0, 3, 2, 4, 1]}"
1,3,1.293023427327474e-05,0.0013229846954345703,"{0: [3, 5, 2, 4, 1], 1: [2, 5, 4, 0, 3], 2: [3, 4, 5, 1, 0], 3: [0, 5, 4, 1, 2], 4: [5, 0, 3, 2, 1], 5: [4, 1, 0, 2, 3]}"
2,3,1.2421607971191407e-05,0.002653837203979492,"{0: [3, 5, 2, 4, 1], 1: [2, 5, 4, 0, 3], 2: [3, 4, 5, 1, 0], 3: [0, 5, 4, 1, 2], 4: [5, 0, 3, 2, 1], 5: [4, 1, 0, 2, 3]}"
3,3,1.2886524200439452e-05,0.004066944122314453,"{0: [3, 5, 2, 4, 1], 1: [2, 5, 4, 0, 3], 2: [3, 4, 5, 1, 0], 3: [0, 5, 4, 1, 2], 4: [5, 0, 3, 2, 1], 5: [4, 1, 0, 2, 3]}"
4,3,1.271963119506836e-05,0.005388975143432617,"{0: [3, 5, 2, 4, 1], 1: [2, 5, 4, 0, 3], 2: [3, 4, 5, 1, 0], 3: [0, 5, 4, 1, 2], 4: [5, 0, 3, 2, 1], 5: [4, 1, 0, 2, 3]}"
5,3,1.2326240539550782e-05,0.006677865982055664,"{0: [3, 5, 2, 4, 1], 1: [2, 5, 4, 0, 3], 2: [3, 4, 5, 1, 0], 3: [0, 5, 4, 1, 2], 4: [5, 0, 3, 2, 1], 5: [4, 1, 0, 2, 3]}"
6,3,1.2429555257161458e-05,0.007971763610839844,"{0: [3, 5, 2, 4, 1], 1: [2, 5, 4, 0, 3], 2: [3, 4, 5, 1, 0], 3: [0, 5, 4, 1, 2], 4: [5, 0, 3, 2, 1], 5: [4, 1, 0, 2, 3]}"
7,3,1.2675921122233072e-05,0.009389638900756836,"{0: [3, 5, 2, 4, 1], 1: [2, 5, 4, 0, 3], 2: [3, 4, 5, 1, 0], 3: [0, 5, 4, 1, 2], 4: [5, 0, 3, 2, 1], 5: [4, 1, 0, 2, 3]}"
8,3,1.2421607971191407e-05,0.010684728622436523,"{0: [3, 5, 2, 4, 1], 1: [2, 5, 4, 0, 3], 2: [3, 4, 5, 1, 0], 3: [0, 5, 4, 1, 2], 4: [5, 0, 3, 2, 1], 5: [4, 1, 0, 2, 3]}"
9,3,1.2274583180745443e-05,0.011972665786743164,"{0: [3, 5, 2, 4, 1], 1: [2, 5, 4, 0, 3], 2: [3, 4, 5, 1, 0], 3: [0, 5, 4, 1, 2], 4: [5, 0, 3, 2, 1], 5: [4, 1, 0, 2, 3]}"
10,3,1.2342135111490885e-05,0.013262033462524414,"{0: [3, 5, 2, 4, 1], 1: [2, 5, 4, 0, 3], 2: [3, 4, 5, 1, 0], 3: [0, 5, 4, 1, 2], 4: [5, 0, 3, 2, 1], 5: [4, 1, 0, 2, 3]}"
11,3,1.2747446695963542e-05,0.014575719833374023,"{0: [3, 5, 2, 4, 1], 1: [2, 5, 4, 0, 3], 2: [3, 4, 5, 1, 0], 3: [0, 5, 4, 1, 2], 4: [5, 0, 3, 2, 1], 5: [4, 1, 0, 2, 3]}"
12,3,1.2731552124023437e-05,0.015974760055541992,"{0: [3, 5, 2, 4, 1], 1: [2, 5, 4, 0, 3], 2: [3, 4, 5, 1, 0], 3: [0, 5, 4, 1, 2], 4: [5, 0, 3, 2, 1], 5: [4, 1, 0, 2, 3]}"
13,3,1.2354056040445964e-05,0.01726675033569336,"{0: [3, 5, 2, 4, 1], 1: [2, 5, 4, 0, 3], 2: [3, 4, 5, 1, 0], 3: [0, 5, 4, 1, 2], 4: [5, 0, 3, 2, 1], 5: [4, 1, 0, 2, 3]}"
14,3,1.2385845184326173e-05,0.01856088638305664,"{0: [3, 5, 2, 4, 1], 1: [2, 5, 4, 0, 3], 2: [3, 4, 5, 1, 0], 3: [0, 5, 4, 1, 2], 4: [5, 0, 3, 2, 1], 5: [4, 1, 0, 2, 3]}"
15,3,1.2350082397460937e-05,0.019849777221679688,"{0: [3, 5, 2, 4, 1], 1: [2, 5, 4, 0, 3], 2: [3, 4, 5, 1, 0], 3: [0, 5, 4, 1, 2], 4: [5, 0, 3, 2, 1], 5: [4, 1, 0, 2, 3]}"
16,3,1.2350082397460937e-05,0.021137714385986328,"{0: [3, 5, 2, 4, 1], 1: [2, 5, 4, 0, 3], 2: [3, 4, 5, 1, 0], 3: [0, 5, 4, 1, 2], 4: [5, 0, 3, 2, 1], 5: [4, 1, 0, 2, 3]}"
17,3,1.2481212615966797e-05,0.02243185043334961,"{0: [3, 5, 2, 4, 1], 1: [2, 5, 4, 0, 3], 2: [3, 4, 5, 1, 0], 3: [0, 5, 4, 1, 2], 4: [5, 0, 3, 2, 1], 5: [4, 1, 0, 2, 3]}"
18,3,1.3724962870279949e-05,0.023830890655517578,"{0: [3, 5, 2, 4, 1], 1: [2, 5, 4, 0, 3], 2: [3, 4, 5, 1, 0], 3: [0, 5, 4, 1, 2], 4: [5, 0, 3, 2, 1], 5: [4, 1, 0, 2, 3]}"
19,3,1.22984250386556e-05,0.02514481544494629,"{0: [3, 5, 2, 4, 1], 1: [2, 5, 4, 0, 3], 2: [3, 4, 5, 1, 0], 3: [0, 5, 4, 1, 2], 4: [5, 0, 3, 2, 1], 5: [4, 1, 0, 2, 3]}"
20,3,1.2481212615966797e-05,0.02643871307373047,"{0: [3, 5, 2, 4, 1], 1: [2, 5, 4, 0, 3], 2: [3, 4, 5, 1, 0], 3: [0, 5, 4, 1, 2], 4: [5, 0, 3, 2, 1], 5: [4, 1, 0, 2, 3]}"
21,3,1.2195110321044922e-05,0.027724027633666992,"{0: [3, 5, 2, 4, 1], 1: [2, 5, 4, 0, 3], 2: [3, 4, 5, 1, 0], 3: [0, 5, 4, 1, 2], 4: [5, 0, 3, 2, 1], 5: [4, 1, 0, 2, 3]}"
22,3,1.2362003326416016e-05,0.029013872146606445,"{0: [3, 5, 2, 4, 1], 1: [2, 5, 4, 0, 3], 2: [3, 4, 5, 1, 0], 3: [0, 5, 4, 1, 2], 4: [5, 0, 3, 2, 1], 5: [4, 1, 0, 2, 3]}"
23,3,1.2282530466715495e-05,0.030299901962280273,"{0: [3, 5, 2, 4, 1], 1: [2, 5, 4, 0, 3], 2: [3, 4, 5, 1, 0], 3: [0, 5, 4, 1, 2], 4: [5, 0, 3, 2, 1], 5: [4, 1, 0, 2, 3]}"
24,3,1.2350082397460937e-05,0.03159284591674805,"{0: [3, 5, 2, 4, 1], 1: [2, 5, 4, 0, 3], 2: [3, 4, 5, 1, 0], 3: [0, 5, 4, 1, 2], 4: [5, 0, 3, 2, 1], 5: [4, 1, 0, 2, 3]}"
25,3,1.241763432820638e-05,0.03288078308105469,"{0: [3, 5, 2, 4, 1], 1: [2, 5, 4, 0, 3], 2: [3, 4, 5, 1, 0], 3: [0, 5, 4, 1, 2], 4: [5, 0, 3, 2, 1], 5: [4, 1, 0, 2, 3]}"
26,3,1.3466676076253255e-05,0.03455185890197754,"{0: [3, 5, 2, 4, 1], 1: [2, 5, 4, 0, 3], 2: [3, 4, 5, 1, 0], 3: [0, 5, 4, 1, 2], 4: [5, 0, 3, 2, 1], 5: [4, 1, 0, 2, 3]}"
1,3,1.3220310211181641e-05,0.0013628005981445312,"{0: [4, 3, 1, 2, 5], 1: [2, 0, 5, 3, 4], 2: [3, 5, 0, 1, 4], 3: [0, 4, 5, 2, 1], 4: [0, 2, 5, 1, 3], 5: [4, 2, 3, 1, 0]}"
2,3,1.333157221476237e-05,0.002743959426879883,"{0: [4, 3, 1, 2, 5], 1: [2, 0, 5, 3, 4], 2: [3, 5, 0, 1, 4], 3: [0, 4, 5, 2, 1], 4: [0, 2, 5, 1, 3], 5: [4, 2, 3, 1, 0]}"
3,3,1.3399124145507813e-05,0.004179954528808594,"{0: [4, 3, 1, 2, 5], 1: [2, 0, 5, 3, 4], 2: [3, 5, 0, 1, 4], 3: [0, 4, 5, 2, 1], 4: [0, 2, 5, 1, 3], 5: [4, 2, 3, 1, 0]}"
4,3,1.4925003051757813e-05,0.005645036697387695,"{0: [4, 3, 1, 2, 5], 1: [2, 0, 5, 3, 4], 2: [3, 5, 0, 1, 4], 3: [0, 4, 5, 2, 1], 4: [0, 2, 5, 1, 3], 5: [4, 2, 3, 1, 0]}"
5,3,1.8246968587239583e-05,0.007344961166381836,"{0: [4, 3, 1, 2, 5], 1: [2, 0, 5, 3, 4], 2: [3, 5, 0, 1, 4], 3: [0, 4, 5, 2, 1], 4: [0, 2, 5, 1, 3], 5: [4, 2, 3, 1, 0]}"
6,3,1.3585885365804037e-05,0.008831977844238281,"{0: [4, 3, 1, 2, 5], 1: [2, 0, 5, 3, 4], 2: [3, 5, 0, 1, 4], 3: [0, 4, 5, 2, 1], 4: [0, 2, 5, 1, 3], 5: [4, 2, 3, 1, 0]}"
7,3,1.346270243326823e-05,0.010224103927612305,"{0: [4, 3, 1, 2, 5], 1: [2, 0, 5, 3, 4], 2: [3, 5, 0, 1, 4], 3: [0, 4, 5, 2, 1], 4: [0, 2, 5, 1, 3], 5: [4, 2, 3, 1, 0]}"
8,3,1.325209935506185e-05,0.011616945266723633,"{0: [4, 3, 1, 2, 5], 1: [2, 0, 5, 3, 4], 2: [3, 5, 0, 1, 4], 3: [0, 4, 5, 2, 1], 4: [0, 2, 5, 1, 3], 5: [4, 2, 3, 1, 0]}"
9,3,1.6391277313232422e-05,0.013182878494262695,"{0: [4, 3, 1, 2, 5], 1: [2, 0, 5, 3, 4], 2: [3, 5, 0, 1, 4], 3: [0, 4, 5, 2, 1], 4: [0, 2, 5, 1, 3], 5: [4, 2, 3, 1, 0]}"
10,3,1.3685226440429687e-05,0.014672994613647461,"{0: [4, 3, 1, 2, 5], 1: [2, 0, 5, 3, 4], 2: [3, 5, 0, 1, 4], 3: [0, 4, 5, 2, 1], 4: [0, 2, 5, 1, 3], 5: [4, 2, 3, 1, 0]}"
11,3,1.3267993927001953e-05,0.016036033630371094,"{0: [4, 3, 1, 2, 5], 1: [2, 0, 5, 3, 4], 2: [3, 5, 0, 1, 4], 3: [0, 4, 5, 2, 1], 4: [0, 2, 5, 1, 3], 5: [4, 2, 3, 1, 0]}"
12,3,1.33514404296875e-05,0.017400026321411133,"{0: [4, 3, 1, 2, 5], 1: [2, 0, 5, 3, 4], 2: [3, 5, 0, 1, 4], 3: [0, 4, 5, 2, 1], 4: [0, 2, 5, 1, 3], 5: [4, 2, 3, 1, 0]}"
13,3,1.3256072998046875e-05,0.018762826919555664,"{0: [4, 3, 1, 2, 5], 1: [2, 0, 5, 3, 4], 2: [3, 5, 0, 1, 4], 3: [0, 4, 5, 2, 1], 4: [0, 2, 5, 1, 3], 5: [4, 2, 3, 1, 0]}"
14,3,1.4436244964599609e-05,0.020299911499023438,"{0: [4, 3, 1, 2, 5], 1: [2, 0, 5, 3, 4], 2: [3, 5, 0, 1, 4], 3: [0, 4, 5, 2, 1], 4: [0, 2, 5, 1, 3], 5: [4, 2, 3, 1, 0]}"
15,3,1.346270243326823e-05,0.021697044372558594,"{0: [4, 3, 1, 2, 5], 1: [2, 0, 5, 3, 4], 2: [3, 5, 0, 1, 4], 3: [0, 4, 5, 2, 1], 4: [0, 2, 5, 1, 3], 5: [4, 2, 3, 1, 0]}"
16,3,1.341104507446289e-05,0.0231170654296875,"{0: [4, 3, 1, 2, 5], 1: [2, 0, 5, 3, 4], 2: [3, 5, 0, 1, 4], 3: [0, 4, 5, 2, 1], 4: [0, 2, 5, 1, 3], 5: [4, 2, 3, 1, 0]}"
17,3,1.2862682342529298e-05,0.02443695068359375,"{0: [4, 3, 1, 2, 5], 1: [2, 0, 5, 3, 4], 2: [3, 5, 0, 1, 4], 3: [0, 4, 5, 2, 1], 4: [0, 2, 5, 1, 3], 5: [4, 2, 3, 1, 0]}"
18,3,1.434485117594401e-05,0.025881052017211914,"{0: [4, 3, 1, 2, 5], 1: [2, 0, 5, 3, 4], 2: [3, 5, 0, 1, 4], 3: [0, 4, 5, 2, 1], 4: [0, 2, 5, 1, 3], 5: [4, 2, 3, 1, 0]}"
19,3,1.4158089955647786e-05,0.027339935302734375,"{0: [4, 3, 1, 2, 5], 1: [2, 0, 5, 3, 4], 2: [3, 5, 0, 1, 4], 3: [0, 4, 5, 2, 1], 4: [0, 2, 5, 1, 3], 5: [4, 2, 3, 1, 0]}"
20,3,1.3267993927001953e-05,0.028694868087768555,"{0: [4, 3, 1, 2, 5], 1: [2, 0, 5, 3, 4], 2: [3, 5, 0, 1, 4], 3: [0, 4, 5, 2, 1], 4: [0, 2, 5, 1, 3], 5: [4, 2, 3, 1, 0]}"
21,3,1.5187263488769532e-05,0.03015589714050293,"{0: [4, 3, 1, 2, 5], 1: [2, 0, 5, 3, 4], 2: [3, 5, 0, 1, 4], 3: [0, 4, 5, 2, 1], 4: [0, 2, 5, 1, 3], 5: [4, 2, 3, 1, 0]}"
22,3,1.3375282287597657e-05,0.03160285949707031,"{0: [4, 3, 1, 2, 5], 1: [2, 0, 5, 3, 4], 2: [3, 5, 0, 1, 4], 3: [0, 4, 5, 2, 1], 4: [0, 2, 5, 1, 3], 5: [4, 2, 3, 1, 0]}"
23,3,1.3852119445800782e-05,0.03309893608093262,"{0: [4, 3, 1, 2, 5], 1: [2, 0, 5, 3, 4], 2: [3, 5, 0, 1, 4], 3: [0, 4, 5, 2, 1], 4: [0, 2, 5, 1, 3], 5: [4, 2, 3, 1, 0]}"
24,3,1.3335545857747395e-05,0.03447103500366211,"{0: [4, 3, 1, 2, 5], 1: [2, 0, 5, 3, 4], 2: [3, 5, 0, 1, 4], 3: [0, 4, 5, 2, 1], 4: [0, 2, 5, 1, 3], 5: [4, 2, 3, 1, 0]}"
25,3,1.3478597005208333e-05,0.03588294982910156,"{0: [4, 3, 1, 2, 5], 1: [2, 0, 5, 3, 4], 2: [3, 5, 0, 1, 4], 3: [0, 4, 5, 2, 1], 4: [0, 2, 5, 1, 3], 5: [4, 2, 3, 1, 0]}"
26,3,1.4019012451171874e-05,0.03729891777038574,"{0: [4, 3, 1, 2, 5], 1: [2, 0, 5, 3, 4], 2: [3, 5, 0, 1, 4], 3: [0, 4, 5, 2, 1], 4: [0, 2, 5, 1, 3], 5: [4, 2, 3, 1, 0]}"
1,3,1.3224283854166667e-05,0.0014452934265136719,"{0: [5, 2, 4, 3, 1], 1: [0, 5, 3, 2, 4], 2: [0, 5, 1, 3, 4], 3: [5, 4, 1, 0, 2], 4: [5, 2, 0, 3, 1], 5: [4, 2, 1, 0, 3]}"
2,3,1.2683868408203126e-05,0.0027620792388916016,"{0: [5, 2, 4, 3, 1], 1: [0, 5, 3, 2, 4], 2: [0, 5, 1, 3, 4], 3: [5, 4, 1, 0, 2], 4: [5, 2, 0, 3, 1], 5: [4, 2, 1, 0, 3]}"
3,3,1.354217529296875e-05,0.004195213317871094,"{0: [5, 2, 4, 3, 1], 1: [0, 5, 3, 2, 4], 2: [0, 5, 1, 3, 4], 3: [5, 4, 1, 0, 2], 4: [5, 2, 0, 3, 1], 5: [4, 2, 1, 0, 3]}"
4,3,1.3780593872070312e-05,0.005680084228515625,"{0: [5, 2, 4, 3, 1], 1: [0, 5, 3, 2, 4], 2: [0, 5, 1, 3, 4], 3: [5, 4, 1, 0, 2], 4: [5, 2, 0, 3, 1], 5: [4, 2, 1, 0, 3]}"
5,3,1.3510386149088541e-05,0.007062196731567383,"{0: [5, 2, 4, 3, 1], 1: [0, 5, 3, 2, 4], 2: [0, 5, 1, 3, 4], 3: [5, 4, 1, 0, 2], 4: [5, 2, 0, 3, 1], 5: [4, 2, 1, 0, 3]}"
6,3,1.2834866841634115e-05,0.00841212272644043,"{0: [5, 2, 4, 3, 1], 1: [0, 5, 3, 2, 4], 2: [0, 5, 1, 3, 4], 3: [5, 4, 1, 0, 2], 4: [5, 2, 0, 3, 1], 5: [4, 2, 1, 0, 3]}"
7,3,1.3367335001627605e-05,0.009816169738769531,"{0: [5, 2, 4, 3, 1], 1: [0, 5, 3, 2, 4], 2: [0, 5, 1, 3, 4], 3: [5, 4, 1, 0, 2], 4: [5, 2, 0, 3, 1], 5: [4, 2, 1, 0, 3]}"
8,3,1.2576580047607422e-05,0.011156082153320312,"{0: [5, 2, 4, 3, 1], 1: [0, 5, 3, 2, 4], 2: [0, 5, 1, 3, 4], 3: [5, 4, 1, 0, 2], 4: [5, 2, 0, 3, 1], 5: [4, 2, 1, 0, 3]}"
9,3,1.2866655985514323e-05,0.012482166290283203,"{0: [5, 2, 4, 3, 1], 1: [0, 5, 3, 2, 4], 2: [0, 5, 1, 3, 4], 3: [5, 4, 1, 0, 2], 4: [5, 2, 0, 3, 1], 5: [4, 2, 1, 0, 3]}"
10,3,1.3637542724609376e-05,0.013905048370361328,"{0: [5, 2, 4, 3, 1], 1: [0, 5, 3, 2, 4], 2: [0, 5, 1, 3, 4], 3: [5, 4, 1, 0, 2], 4: [5, 2, 0, 3, 1], 5: [4, 2, 1, 0, 3]}"
11,3,1.2886524200439452e-05,0.015238046646118164,"{0: [5, 2, 4, 3, 1], 1: [0, 5, 3, 2, 4], 2: [0, 5, 1, 3, 4], 3: [5, 4, 1, 0, 2], 4: [5, 2, 0, 3, 1], 5: [4, 2, 1, 0, 3]}"
12,3,1.260836919148763e-05,0.016558170318603516,"{0: [5, 2, 4, 3, 1], 1: [0, 5, 3, 2, 4], 2: [0, 5, 1, 3, 4], 3: [5, 4, 1, 0, 2], 4: [5, 2, 0, 3, 1], 5: [4, 2, 1, 0, 3]}"
13,3,1.3065338134765624e-05,0.01792430877685547,"{0: [5, 2, 4, 3, 1], 1: [0, 5, 3, 2, 4], 2: [0, 5, 1, 3, 4], 3: [5, 4, 1, 0, 2], 4: [5, 2, 0, 3, 1], 5: [4, 2, 1, 0, 3]}"
14,3,1.4130274454752604e-05,0.01932501792907715,"{0: [5, 2, 4, 3, 1], 1: [0, 5, 3, 2, 4], 2: [0, 5, 1, 3, 4], 3: [5, 4, 1, 0, 2], 4: [5, 2, 0, 3, 1], 5: [4, 2, 1, 0, 3]}"
15,3,1.2811024983723959e-05,0.02065110206604004,"{0: [5, 2, 4, 3, 1], 1: [0, 5, 3, 2, 4], 2: [0, 5, 1, 3, 4], 3: [5, 4, 1, 0, 2], 4: [5, 2, 0, 3, 1], 5: [4, 2, 1, 0, 3]}"
16,3,1.2628237406412761e-05,0.021956205368041992,"{0: [5, 2, 4, 3, 1], 1: [0, 5, 3, 2, 4], 2: [0, 5, 1, 3, 4], 3: [5, 4, 1, 0, 2], 4: [5, 2, 0, 3, 1], 5: [4, 2, 1, 0, 3]}"
17,3,1.2739499409993489e-05,0.023275136947631836,"{0: [5, 2, 4, 3, 1], 1: [0, 5, 3, 2, 4], 2: [0, 5, 1, 3, 4], 3: [5, 4, 1, 0, 2], 4: [5, 2, 0, 3, 1], 5: [4, 2, 1, 0, 3]}"
18,3,1.3168652852376302e-05,0.024621248245239258,"{0: [5, 2, 4, 3, 1], 1: [0, 5, 3, 2, 4], 2: [0, 5, 1, 3, 4], 3: [5, 4, 1, 0, 2], 4: [5, 2, 0, 3, 1], 5: [4, 2, 1, 0, 3]}"
19,3,1.4607111612955729e-05,0.026066064834594727,"{0: [5, 2, 4, 3, 1], 1: [0, 5, 3, 2, 4], 2: [0, 5, 1, 3, 4], 3: [5, 4, 1, 0, 2], 4: [5, 2, 0, 3, 1], 5: [4, 2, 1, 0, 3]}"
20,3,1.2703736623128255e-05,0.027398109436035156,"{0: [5, 2, 4, 3, 1], 1: [0, 5, 3, 2, 4], 2: [0, 5, 1, 3, 4], 3: [5, 4, 1, 0, 2], 4: [5, 2, 0, 3, 1], 5: [4, 2, 1, 0, 3]}"
21,3,1.2600421905517578e-05,0.028704166412353516,"{0: [5, 2, 4, 3, 1], 1: [0, 5, 3, 2, 4], 2: [0, 5, 1, 3, 4], 3: [5, 4, 1, 0, 2], 4: [5, 2, 0, 3, 1], 5: [4, 2, 1, 0, 3]}"
22,3,1.2644131978352864e-05,0.030031204223632812,"{0: [5, 2, 4, 3, 1], 1: [0, 5, 3, 2, 4], 2: [0, 5, 1, 3, 4], 3: [5, 4, 1, 0, 2], 4: [5, 2, 0, 3, 1], 5: [4, 2, 1, 0, 3]}"
23,3,1.2596448262532553e-05,0.03135228157043457,"{0: [5, 2, 4, 3, 1], 1: [0, 5, 3, 2, 4], 2: [0, 5, 1, 3, 4], 3: [5, 4, 1, 0, 2], 4: [5, 2, 0, 3, 1], 5: [4, 2, 1, 0, 3]}"
24,3,1.2882550557454427e-05,0.03269004821777344,"{0: [5, 2, 4, 3, 1], 1: [0, 5, 3, 2, 4], 2: [0, 5, 1, 3, 4], 3: [5, 4, 1, 0, 2], 4: [5, 2, 0, 3, 1], 5: [4, 2, 1, 0, 3]}"
25,3,1.2731552124023437e-05,0.03399825096130371,"{0: [5, 2, 4, 3, 1], 1: [0, 5, 3, 2, 4], 2: [0, 5, 1, 3, 4], 3: [5, 4, 1, 0, 2], 4: [5, 2, 0, 3, 1], 5: [4, 2, 1, 0, 3]}"
26,3,1.2580553690592448e-05,0.03530621528625488,"{0: [5, 2, 4, 3, 1], 1: [0, 5, 3, 2, 4], 2: [0, 5, 1, 3, 4], 3: [5, 4, 1, 0, 2], 4: [5, 2, 0, 3, 1], 5: [4, 2, 1, 0, 3]}"
1,3,1.2946128845214843e-05,0.001332998275756836,"{0: [2, 1, 3, 4, 5], 1: [0, 3, 5, 2, 4], 2: [1, 0, 4, 3, 5], 3: [5, 1, 4, 2, 0], 4: [5, 3, 1, 0, 2], 5: [4, 0, 3, 1, 2]}"
2,3,1.2564659118652344e-05,0.002637147903442383,"{0: [2, 1, 3, 4, 5], 1: [0, 3, 5, 2, 4], 2: [1, 0, 4, 3, 5], 3: [5, 1, 4, 2, 0], 4: [5, 3, 1, 0, 2], 5: [4, 0, 3, 1, 2]}"
3,3,1.4603137969970703e-05,0.004123210906982422,"{0: [2, 1, 3, 4, 5], 1: [0, 3, 5, 2, 4], 2: [1, 0, 4, 3, 5], 3: [5, 1, 4, 2, 0], 4: [5, 3, 1, 0, 2], 5: [4, 0, 3, 1, 2]}"
4,3,1.2834866841634115e-05,0.0055463314056396484,"{0: [2, 1, 3, 4, 5], 1: [0, 3, 5, 2, 4], 2: [1, 0, 4, 3, 5], 3: [5, 1, 4, 2, 0], 4: [5, 3, 1, 0, 2], 5: [4, 0, 3, 1, 2]}"
5,3,1.4030933380126953e-05,0.0069980621337890625,"{0: [2, 1, 3, 4, 5], 1: [0, 3, 5, 2, 4], 2: [1, 0, 4, 3, 5], 3: [5, 1, 4, 2, 0], 4: [5, 3, 1, 0, 2], 5: [4, 0, 3, 1, 2]}"
6,3,1.2405713399251302e-05,0.00834512710571289,"{0: [2, 1, 3, 4, 5], 1: [0, 3, 5, 2, 4], 2: [1, 0, 4, 3, 5], 3: [5, 1, 4, 2, 0], 4: [5, 3, 1, 0, 2], 5: [4, 0, 3, 1, 2]}"
7,3,1.2715657552083334e-05,0.009654998779296875,"{0: [2, 1, 3, 4, 5], 1: [0, 3, 5, 2, 4], 2: [1, 0, 4, 3, 5], 3: [5, 1, 4, 2, 0], 4: [5, 3, 1, 0, 2], 5: [4, 0, 3, 1, 2]}"
8,3,1.2795130411783854e-05,0.01096796989440918,"{0: [2, 1, 3, 4, 5], 1: [0, 3, 5, 2, 4], 2: [1, 0, 4, 3, 5], 3: [5, 1, 4, 2, 0], 4: [5, 3, 1, 0, 2], 5: [4, 0, 3, 1, 2]}"
9,3,1.2481212615966797e-05,0.01230931282043457,"{0: [2, 1, 3, 4, 5], 1: [0, 3, 5, 2, 4], 2: [1, 0, 4, 3, 5], 3: [5, 1, 4, 2, 0], 4: [5, 3, 1, 0, 2], 5: [4, 0, 3, 1, 2]}"
10,3,1.3168652852376302e-05,0.01366114616394043,"{0: [2, 1, 3, 4, 5], 1: [0, 3, 5, 2, 4], 2: [1, 0, 4, 3, 5], 3: [5, 1, 4, 2, 0], 4: [5, 3, 1, 0, 2], 5: [4, 0, 3, 1, 2]}"
11,3,1.3534228006998698e-05,0.01513814926147461,"{0: [2, 1, 3, 4, 5], 1: [0, 3, 5, 2, 4], 2: [1, 0, 4, 3, 5], 3: [5, 1, 4, 2, 0], 4: [5, 3, 1, 0, 2], 5: [4, 0, 3, 1, 2]}"
12,3,1.2981891632080079e-05,0.01650714874267578,"{0: [2, 1, 3, 4, 5], 1: [0, 3, 5, 2, 4], 2: [1, 0, 4, 3, 5], 3: [5, 1, 4, 2, 0], 4: [5, 3, 1, 0, 2], 5: [4, 0, 3, 1, 2]}"
13,3,1.3116995493570963e-05,0.01787114143371582,"{0: [2, 1, 3, 4, 5], 1: [0, 3, 5, 2, 4], 2: [1, 0, 4, 3, 5], 3: [5, 1, 4, 2, 0], 4: [5, 3, 1, 0, 2], 5: [4, 0, 3, 1, 2]}"
14,3,1.2727578481038411e-05,0.019212961196899414,"{0: [2, 1, 3, 4, 5], 1: [0, 3, 5, 2, 4], 2: [1, 0, 4, 3, 5], 3: [5, 1, 4, 2, 0], 4: [5, 3, 1, 0, 2], 5: [4, 0, 3, 1, 2]}"
15,3,1.2679894765218098e-05,0.0205690860748291,"{0: [2, 1, 3, 4, 5], 1: [0, 3, 5, 2, 4], 2: [1, 0, 4, 3, 5], 3: [5, 1, 4, 2, 0], 4: [5, 3, 1, 0, 2], 5: [4, 0, 3, 1, 2]}"
16,3,1.2485186258951823e-05,0.021895170211791992,"{0: [2, 1, 3, 4, 5], 1: [0, 3, 5, 2, 4], 2: [1, 0, 4, 3, 5], 3: [5, 1, 4, 2, 0], 4: [5, 3, 1, 0, 2], 5: [4, 0, 3, 1, 2]}"
17,3,1.4177958170572917e-05,0.023298025131225586,"{0: [2, 1, 3, 4, 5], 1: [0, 3, 5, 2, 4], 2: [1, 0, 4, 3, 5], 3: [5, 1, 4, 2, 0], 4: [5, 3, 1, 0, 2], 5: [4, 0, 3, 1, 2]}"
18,3,1.2556711832682291e-05,0.024641036987304688,"{0: [2, 1, 3, 4, 5], 1: [0, 3, 5, 2, 4], 2: [1, 0, 4, 3, 5], 3: [5, 1, 4, 2, 0], 4: [5, 3, 1, 0, 2], 5: [4, 0, 3, 1, 2]}"
19,3,1.2675921122233072e-05,0.02595210075378418,"{0: [2, 1, 3, 4, 5], 1: [0, 3, 5, 2, 4], 2: [1, 0, 4, 3, 5], 3: [5, 1, 4, 2, 0], 4: [5, 3, 1, 0, 2], 5: [4, 0, 3, 1, 2]}"
20,3,1.2477238972981771e-05,0.027266979217529297,"{0: [2, 1, 3, 4, 5], 1: [0, 3, 5, 2, 4], 2: [1, 0, 4, 3, 5], 3: [5, 1, 4, 2, 0], 4: [5, 3, 1, 0, 2], 5: [4, 0, 3, 1, 2]}"
21,3,1.2449423472086589e-05,0.028562068939208984,"{0: [2, 1, 3, 4, 5], 1: [0, 3, 5, 2, 4], 2: [1, 0, 4, 3, 5], 3: [5, 1, 4, 2, 0], 4: [5, 3, 1, 0, 2], 5: [4, 0, 3, 1, 2]}"
22,3,1.2465318044026692e-05,0.029859066009521484,"{0: [2, 1, 3, 4, 5], 1: [0, 3, 5, 2, 4], 2: [1, 0, 4, 3, 5], 3: [5, 1, 4, 2, 0], 4: [5, 3, 1, 0, 2], 5: [4, 0, 3, 1, 2]}"
23,3,1.2739499409993489e-05,0.031185150146484375,"{0: [2, 1, 3, 4, 5], 1: [0, 3, 5, 2, 4], 2: [1, 0, 4, 3, 5], 3: [5, 1, 4, 2, 0], 4: [5, 3, 1, 0, 2], 5: [4, 0, 3, 1, 2]}"
24,3,1.2493133544921875e-05,0.03254508972167969,"{0: [2, 1, 3, 4, 5], 1: [0, 3, 5, 2, 4], 2: [1, 0, 4, 3, 5], 3: [5, 1, 4, 2, 0], 4: [5, 3, 1, 0, 2], 5: [4, 0, 3, 1, 2]}"
25,3,1.2381871541341145e-05,0.03384113311767578,"{0: [2, 1, 3, 4, 5], 1: [0, 3, 5, 2, 4], 2: [1, 0, 4, 3, 5], 3: [5, 1, 4, 2, 0], 4: [5, 3, 1, 0, 2], 5: [4, 0, 3, 1, 2]}"
26,3,1.2421607971191407e-05,0.03513813018798828,"{0: [2, 1, 3, 4, 5], 1: [0, 3, 5, 2, 4], 2: [1, 0, 4, 3, 5], 3: [5, 1, 4, 2, 0], 4: [5, 3, 1, 0, 2], 5: [4, 0, 3, 1, 2]}"
1,3,1.2683868408203126e-05,0.0013089179992675781,"{0: [1, 5, 4, 3, 2], 1: [2, 0, 3, 4, 5], 2: [4, 1, 3, 5, 0], 3: [2, 0, 5, 4, 1], 4: [3, 5, 2, 0, 1], 5: [3, 2, 1, 0, 4]}"
2,2,1.2771288553873699e-05,0.0026350021362304688,"{0: [3, 1, 5, 4, 2], 1: [2, 0, 3, 4, 5], 2: [4, 1, 3, 5, 0], 3: [2, 0, 5, 4, 1], 4: [3, 5, 2, 0, 1], 5: [3, 2, 1, 0, 4]}"
3,2,1.2513001759847005e-05,0.003996849060058594,"{0: [3, 1, 5, 4, 2], 1: [2, 0, 3, 4, 5], 2: [4, 1, 3, 5, 0], 3: [2, 0, 5, 4, 1], 4: [3, 5, 2, 0, 1], 5: [3, 2, 1, 0, 4]}"
4,2,1.2576580047607422e-05,0.0053577423095703125,"{0: [3, 1, 5, 4, 2], 1: [2, 0, 3, 4, 5], 2: [4, 1, 3, 5, 0], 3: [2, 0, 5, 4, 1], 4: [3, 5, 2, 0, 1], 5: [3, 2, 1, 0, 4]}"
5,2,1.2441476186116536e-05,0.006658077239990234,"{0: [3, 1, 5, 4, 2], 1: [2, 0, 3, 4, 5], 2: [4, 1, 3, 5, 0], 3: [2, 0, 5, 4, 1], 4: [3, 5, 2, 0, 1], 5: [3, 2, 1, 0, 4]}"
6,2,1.2481212615966797e-05,0.007950782775878906,"{0: [3, 1, 5, 4, 2], 1: [2, 0, 3, 4, 5], 2: [4, 1, 3, 5, 0], 3: [2, 0, 5, 4, 1], 4: [3, 5, 2, 0, 1], 5: [3, 2, 1, 0, 4]}"
7,2,1.266797383626302e-05,0.009251832962036133,"{0: [3, 1, 5, 4, 2], 1: [2, 0, 3, 4, 5], 2: [4, 1, 3, 5, 0], 3: [2, 0, 5, 4, 1], 4: [3, 5, 2, 0, 1], 5: [3, 2, 1, 0, 4]}"
8,2,1.2906392415364583e-05,0.010573863983154297,"{0: [3, 1, 5, 4, 2], 1: [2, 0, 3, 4, 5], 2: [4, 1, 3, 5, 0], 3: [2, 0, 5, 4, 1], 4: [3, 5, 2, 0, 1], 5: [3, 2, 1, 0, 4]}"
9,2,1.2365976969401042e-05,0.011864900588989258,"{0: [3, 1, 5, 4, 2], 1: [2, 0, 3, 4, 5], 2: [4, 1, 3, 5, 0], 3: [2, 0, 5, 4, 1], 4: [3, 5, 2, 0, 1], 5: [3, 2, 1, 0, 4]}"
10,2,1.2850761413574218e-05,0.013231992721557617,"{0: [3, 1, 5, 4, 2], 1: [2, 0, 3, 4, 5], 2: [4, 1, 3, 5, 0], 3: [2, 0, 5, 4, 1], 4: [3, 5, 2, 0, 1], 5: [3, 2, 1, 0, 4]}"
11,2,1.2433528900146484e-05,0.014525890350341797,"{0: [3, 1, 5, 4, 2], 1: [2, 0, 3, 4, 5], 2: [4, 1, 3, 5, 0], 3: [2, 0, 5, 4, 1], 4: [3, 5, 2, 0, 1], 5: [3, 2, 1, 0, 4]}"
12,2,1.2532869974772136e-05,0.015825986862182617,"{0: [3, 1, 5, 4, 2], 1: [2, 0, 3, 4, 5], 2: [4, 1, 3, 5, 0], 3: [2, 0, 5, 4, 1], 4: [3, 5, 2, 0, 1], 5: [3, 2, 1, 0, 4]}"
13,2,1.2330214182535808e-05,0.017113924026489258,"{0: [3, 1, 5, 4, 2], 1: [2, 0, 3, 4, 5], 2: [4, 1, 3, 5, 0], 3: [2, 0, 5, 4, 1], 4: [3, 5, 2, 0, 1], 5: [3, 2, 1, 0, 4]}"
14,2,1.2465318044026692e-05,0.018405914306640625,"{0: [3, 1, 5, 4, 2], 1: [2, 0, 3, 4, 5], 2: [4, 1, 3, 5, 0], 3: [2, 0, 5, 4, 1], 4: [3, 5, 2, 0, 1], 5: [3, 2, 1, 0, 4]}"
15,2,1.2564659118652344e-05,0.01972794532775879,"{0: [3, 1, 5, 4, 2], 1: [2, 0, 3, 4, 5], 2: [4, 1, 3, 5, 0], 3: [2, 0, 5, 4, 1], 4: [3, 5, 2, 0, 1], 5: [3, 2, 1, 0, 4]}"
16,2,1.4817714691162109e-05,0.021171092987060547,"{0: [3, 1, 5, 4, 2], 1: [2, 0, 3, 4, 5], 2: [4, 1, 3, 5, 0], 3: [2, 0, 5, 4, 1], 4: [3, 5, 2, 0, 1], 5: [3, 2, 1, 0, 4]}"
17,2,1.3339519500732423e-05,0.02264881134033203,"{0: [3, 1, 5, 4, 2], 1: [2, 0, 3, 4, 5], 2: [4, 1, 3, 5, 0], 3: [2, 0, 5, 4, 1], 4: [3, 5, 2, 0, 1], 5: [3, 2, 1, 0, 4]}"
18,2,1.2481212615966797e-05,0.024066925048828125,"{0: [3, 1, 5, 4, 2], 1: [2, 0, 3, 4, 5], 2: [4, 1, 3, 5, 0], 3: [2, 0, 5, 4, 1], 4: [3, 5, 2, 0, 1], 5: [3, 2, 1, 0, 4]}"
19,2,1.2381871541341145e-05,0.0253598690032959,"{0: [3, 1, 5, 4, 2], 1: [2, 0, 3, 4, 5], 2: [4, 1, 3, 5, 0], 3: [2, 0, 5, 4, 1], 4: [3, 5, 2, 0, 1], 5: [3, 2, 1, 0, 4]}"
20,2,1.2624263763427735e-05,0.026669025421142578,"{0: [3, 1, 5, 4, 2], 1: [2, 0, 3, 4, 5], 2: [4, 1, 3, 5, 0], 3: [2, 0, 5, 4, 1], 4: [3, 5, 2, 0, 1], 5: [3, 2, 1, 0, 4]}"
21,2,1.239776611328125e-05,0.027972936630249023,"{0: [3, 1, 5, 4, 2], 1: [2, 0, 3, 4, 5], 2: [4, 1, 3, 5, 0], 3: [2, 0, 5, 4, 1], 4: [3, 5, 2, 0, 1], 5: [3, 2, 1, 0, 4]}"
22,2,1.4714399973551433e-05,0.029409170150756836,"{0: [3, 1, 5, 4, 2], 1: [2, 0, 3, 4, 5], 2: [4, 1, 3, 5, 0], 3: [2, 0, 5, 4, 1], 4: [3, 5, 2, 0, 1], 5: [3, 2, 1, 0, 4]}"
23,2,1.2560685475667317e-05,0.030766963958740234,"{0: [3, 1, 5, 4, 2], 1: [2, 0, 3, 4, 5], 2: [4, 1, 3, 5, 0], 3: [2, 0, 5, 4, 1], 4: [3, 5, 2, 0, 1], 5: [3, 2, 1, 0, 4]}"
24,2,1.24971071879069e-05,0.03206682205200195,"{0: [3, 1, 5, 4, 2], 1: [2, 0, 3, 4, 5], 2: [4, 1, 3, 5, 0], 3: [2, 0, 5, 4, 1], 4: [3, 5, 2, 0, 1], 5: [3, 2, 1, 0, 4]}"
25,2,1.3816356658935548e-05,0.03356599807739258,"{0: [3, 1, 5, 4, 2], 1: [2, 0, 3, 4, 5], 2: [4, 1, 3, 5, 0], 3: [2, 0, 5, 4, 1], 4: [3, 5, 2, 0, 1], 5: [3, 2, 1, 0, 4]}"
26,2,1.3069311777750652e-05,0.034912109375,"{0: [3, 1, 5, 4, 2], 1: [2, 0, 3, 4, 5], 2: [4, 1, 3, 5, 0], 3: [2, 0, 5, 4, 1], 4: [3, 5, 2, 0, 1], 5: [3, 2, 1, 0, 4]}"
27,2,1.2814998626708984e-05,0.03625798225402832,"{0: [3, 1, 5, 4, 2], 1: [2, 0, 3, 4, 5], 2: [4, 1, 3, 5, 0], 3: [2, 0, 5, 4, 1], 4: [3, 5, 2, 0, 1], 5: [3, 2, 1, 0, 4]}"
1,4,1.4348824818929036e-05,0.0014388561248779297,"{0: [5, 3, 2, 1, 4], 1: [0, 5, 4, 3, 2], 2: [3, 4, 5, 0, 1], 3: [5, 1, 0, 2, 4], 4: [2, 5, 1, 3, 0], 5: [0, 3, 2, 4, 1]}"
2,4,1.3232231140136719e-05,0.002819061279296875,"{0: [5, 3, 2, 1, 4], 1: [0, 5, 4, 3, 2], 2: [3, 4, 5, 0, 1], 3: [5, 1, 0, 2, 4], 4: [2, 5, 1, 3, 0], 5: [0, 3, 2, 4, 1]}"
3,4,1.3422966003417968e-05,0.004186868667602539,"{0: [5, 3, 2, 1, 4], 1: [0, 5, 4, 3, 2], 2: [3, 4, 5, 0, 1], 3: [5, 1, 0, 2, 4], 4: [2, 5, 1, 3, 0], 5: [0, 3, 2, 4, 1]}"
4,4,1.320044199625651e-05,0.005541801452636719,"{0: [5, 3, 2, 1, 4], 1: [0, 5, 4, 3, 2], 2: [3, 4, 5, 0, 1], 3: [5, 1, 0, 2, 4], 4: [2, 5, 1, 3, 0], 5: [0, 3, 2, 4, 1]}"
5,4,1.3681252797444661e-05,0.0069768428802490234,"{0: [5, 3, 2, 1, 4], 1: [0, 5, 4, 3, 2], 2: [3, 4, 5, 0, 1], 3: [5, 1, 0, 2, 4], 4: [2, 5, 1, 3, 0], 5: [0, 3, 2, 4, 1]}"
6,4,1.3184547424316406e-05,0.008405923843383789,"{0: [5, 3, 2, 1, 4], 1: [0, 5, 4, 3, 2], 2: [3, 4, 5, 0, 1], 3: [5, 1, 0, 2, 4], 4: [2, 5, 1, 3, 0], 5: [0, 3, 2, 4, 1]}"
7,4,1.4595190684000651e-05,0.009874820709228516,"{0: [5, 3, 2, 1, 4], 1: [0, 5, 4, 3, 2], 2: [3, 4, 5, 0, 1], 3: [5, 1, 0, 2, 4], 4: [2, 5, 1, 3, 0], 5: [0, 3, 2, 4, 1]}"
8,4,1.2775262196858725e-05,0.011219978332519531,"{0: [5, 3, 2, 1, 4], 1: [0, 5, 4, 3, 2], 2: [3, 4, 5, 0, 1], 3: [5, 1, 0, 2, 4], 4: [2, 5, 1, 3, 0], 5: [0, 3, 2, 4, 1]}"
9,4,1.3013680775960287e-05,0.012552976608276367,"{0: [5, 3, 2, 1, 4], 1: [0, 5, 4, 3, 2], 2: [3, 4, 5, 0, 1], 3: [5, 1, 0, 2, 4], 4: [2, 5, 1, 3, 0], 5: [0, 3, 2, 4, 1]}"
10,4,1.271963119506836e-05,0.013861894607543945,"{0: [5, 3, 2, 1, 4], 1: [0, 5, 4, 3, 2], 2: [3, 4, 5, 0, 1], 3: [5, 1, 0, 2, 4], 4: [2, 5, 1, 3, 0], 5: [0, 3, 2, 4, 1]}"
11,4,1.2675921122233072e-05,0.015168905258178711,"{0: [5, 3, 2, 1, 4], 1: [0, 5, 4, 3, 2], 2: [3, 4, 5, 0, 1], 3: [5, 1, 0, 2, 4], 4: [2, 5, 1, 3, 0], 5: [0, 3, 2, 4, 1]}"
12,4,1.451571782430013e-05,0.016629934310913086,"{0: [5, 3, 2, 1, 4], 1: [0, 5, 4, 3, 2], 2: [3, 4, 5, 0, 1], 3: [5, 1, 0, 2, 4], 4: [2, 5, 1, 3, 0], 5: [0, 3, 2, 4, 1]}"
13,4,1.3383229573567708e-05,0.018088817596435547,"{0: [5, 3, 2, 1, 4], 1: [0, 5, 4, 3, 2], 2: [3, 4, 5, 0, 1], 3: [5, 1, 0, 2, 4], 4: [2, 5, 1, 3, 0], 5: [0, 3, 2, 4, 1]}"
14,4,1.25885009765625e-05,0.019421815872192383,"{0: [5, 3, 2, 1, 4], 1: [0, 5, 4, 3, 2], 2: [3, 4, 5, 0, 1], 3: [5, 1, 0, 2, 4], 4: [2, 5, 1, 3, 0], 5: [0, 3, 2, 4, 1]}"
15,4,1.3359387715657552e-05,0.02077794075012207,"{0: [5, 3, 2, 1, 4], 1: [0, 5, 4, 3, 2], 2: [3, 4, 5, 0, 1], 3: [5, 1, 0, 2, 4], 4: [2, 5, 1, 3, 0], 5: [0, 3, 2, 4, 1]}"
16,4,1.2660026550292969e-05,0.02210688591003418,"{0: [5, 3, 2, 1, 4], 1: [0, 5, 4, 3, 2], 2: [3, 4, 5, 0, 1], 3: [5, 1, 0, 2, 4], 4: [2, 5, 1, 3, 0], 5: [0, 3, 2, 4, 1]}"
17,4,1.2862682342529298e-05,0.02344489097595215,"{0: [5, 3, 2, 1, 4], 1: [0, 5, 4, 3, 2], 2: [3, 4, 5, 0, 1], 3: [5, 1, 0, 2, 4], 4: [2, 5, 1, 3, 0], 5: [0, 3, 2, 4, 1]}"
18,4,1.271963119506836e-05,0.024757862091064453,"{0: [5, 3, 2, 1, 4], 1: [0, 5, 4, 3, 2], 2: [3, 4, 5, 0, 1], 3: [5, 1, 0, 2, 4], 4: [2, 5, 1, 3, 0], 5: [0, 3, 2, 4, 1]}"
19,4,1.3947486877441406e-05,0.02616596221923828,"{0: [5, 3, 2, 1, 4], 1: [0, 5, 4, 3, 2], 2: [3, 4, 5, 0, 1], 3: [5, 1, 0, 2, 4], 4: [2, 5, 1, 3, 0], 5: [0, 3, 2, 4, 1]}"
20,4,1.291831334431966e-05,0.027599811553955078,"{0: [5, 3, 2, 1, 4], 1: [0, 5, 4, 3, 2], 2: [3, 4, 5, 0, 1], 3: [5, 1, 0, 2, 4], 4: [2, 5, 1, 3, 0], 5: [0, 3, 2, 4, 1]}"
21,4,1.3625621795654297e-05,0.02898097038269043,"{0: [5, 3, 2, 1, 4], 1: [0, 5, 4, 3, 2], 2: [3, 4, 5, 0, 1], 3: [5, 1, 0, 2, 4], 4: [2, 5, 1, 3, 0], 5: [0, 3, 2, 4, 1]}"
22,4,1.2636184692382812e-05,0.030303955078125,"{0: [5, 3, 2, 1, 4], 1: [0, 5, 4, 3, 2], 2: [3, 4, 5, 0, 1], 3: [5, 1, 0, 2, 4], 4: [2, 5, 1, 3, 0], 5: [0, 3, 2, 4, 1]}"
23,4,1.2981891632080079e-05,0.03165578842163086,"{0: [5, 3, 2, 1, 4], 1: [0, 5, 4, 3, 2], 2: [3, 4, 5, 0, 1], 3: [5, 1, 0, 2, 4], 4: [2, 5, 1, 3, 0], 5: [0, 3, 2, 4, 1]}"
24,4,1.3379255930582682e-05,0.03301405906677246,"{0: [5, 3, 2, 1, 4], 1: [0, 5, 4, 3, 2], 2: [3, 4, 5, 0, 1], 3: [5, 1, 0, 2, 4], 4: [2, 5, 1, 3, 0], 5: [0, 3, 2, 4, 1]}"
25,4,1.4062722524007162e-05,0.0344088077545166,"{0: [5, 3, 2, 1, 4], 1: [0, 5, 4, 3, 2], 2: [3, 4, 5, 0, 1], 3: [5, 1, 0, 2, 4], 4: [2, 5, 1, 3, 0], 5: [0, 3, 2, 4, 1]}"
